[{"model": "admin.logentry", "pk": 1, "fields": {"action_time": "2025-07-26T11:12:04.908Z", "user": 2, "content_type": 7, "object_id": "89", "object_repr": "MBEYA", "action_flag": 3, "change_message": ""}}, {"model": "admin.logentry", "pk": 2, "fields": {"action_time": "2025-07-26T11:12:04.908Z", "user": 2, "content_type": 7, "object_id": "87", "object_repr": "DAR ES SALAAM", "action_flag": 3, "change_message": ""}}, {"model": "admin.logentry", "pk": 3, "fields": {"action_time": "2025-07-26T11:12:04.908Z", "user": 2, "content_type": 7, "object_id": "72", "object_repr": "MWANZA", "action_flag": 3, "change_message": ""}}, {"model": "admin.logentry", "pk": 4, "fields": {"action_time": "2025-07-26T11:12:04.908Z", "user": 2, "content_type": 7, "object_id": "70", "object_repr": "MTWARA", "action_flag": 3, "change_message": ""}}, {"model": "admin.logentry", "pk": 5, "fields": {"action_time": "2025-07-26T11:12:04.908Z", "user": 2, "content_type": 7, "object_id": "68", "object_repr": "MOROGORO", "action_flag": 3, "change_message": ""}}, {"model": "admin.logentry", "pk": 6, "fields": {"action_time": "2025-07-26T11:12:04.908Z", "user": 2, "content_type": 7, "object_id": "65", "object_repr": "MARA", "action_flag": 3, "change_message": ""}}, {"model": "admin.logentry", "pk": 7, "fields": {"action_time": "2025-07-26T11:12:04.908Z", "user": 2, "content_type": 7, "object_id": "58", "object_repr": "KATAVI", "action_flag": 3, "change_message": ""}}, {"model": "admin.logentry", "pk": 8, "fields": {"action_time": "2025-07-26T11:12:04.908Z", "user": 2, "content_type": 7, "object_id": "54", "object_repr": "GEITA", "action_flag": 3, "change_message": ""}}, {"model": "admin.logentry", "pk": 9, "fields": {"action_time": "2025-07-26T11:12:04.908Z", "user": 2, "content_type": 7, "object_id": "51", "object_repr": " DAR ES SALAAM ", "action_flag": 3, "change_message": ""}}, {"model": "admin.logentry", "pk": 10, "fields": {"action_time": "2025-07-26T11:12:04.908Z", "user": 2, "content_type": 7, "object_id": "48", "object_repr": "ARUSHA", "action_flag": 3, "change_message": ""}}, {"model": "admin.logentry", "pk": 11, "fields": {"action_time": "2025-07-26T11:13:08.981Z", "user": 2, "content_type": 7, "object_id": "78", "object_repr": "SHINYANGA", "action_flag": 3, "change_message": ""}}, {"model": "admin.logentry", "pk": 12, "fields": {"action_time": "2025-07-26T11:13:08.981Z", "user": 2, "content_type": 7, "object_id": "74", "object_repr": "NJOMBE", "action_flag": 3, "change_message": ""}}, {"model": "admin.logentry", "pk": 13, "fields": {"action_time": "2025-07-26T11:16:50.121Z", "user": 2, "content_type": 7, "object_id": "50", "object_repr": " Dar es Salaam ", "action_flag": 3, "change_message": ""}}, {"model": "admin.logentry", "pk": 14, "fields": {"action_time": "2025-07-26T11:17:09.312Z", "user": 2, "content_type": 7, "object_id": "92", "object_repr": "Tanga", "action_flag": 3, "change_message": ""}}, {"model": "admin.logentry", "pk": 15, "fields": {"action_time": "2025-07-26T11:17:37.328Z", "user": 2, "content_type": 7, "object_id": "63", "object_repr": "Manyara", "action_flag": 3, "change_message": ""}}, {"model": "admin.logentry", "pk": 16, "fields": {"action_time": "2025-07-26T11:17:59.918Z", "user": 2, "content_type": 7, "object_id": "91", "object_repr": "Songwe", "action_flag": 3, "change_message": ""}}, {"model": "admin.logentry", "pk": 17, "fields": {"action_time": "2025-07-26T13:04:53.139Z", "user": 2, "content_type": 4, "object_id": "3", "object_repr": "ali", "action_flag": 1, "change_message": "[{\"added\": {}}]"}}, {"model": "auth.permission", "pk": 1, "fields": {"name": "Can add log entry", "content_type": 1, "codename": "add_logentry"}}, {"model": "auth.permission", "pk": 2, "fields": {"name": "Can change log entry", "content_type": 1, "codename": "change_logentry"}}, {"model": "auth.permission", "pk": 3, "fields": {"name": "Can delete log entry", "content_type": 1, "codename": "delete_logentry"}}, {"model": "auth.permission", "pk": 4, "fields": {"name": "Can view log entry", "content_type": 1, "codename": "view_logentry"}}, {"model": "auth.permission", "pk": 5, "fields": {"name": "Can add permission", "content_type": 2, "codename": "add_permission"}}, {"model": "auth.permission", "pk": 6, "fields": {"name": "Can change permission", "content_type": 2, "codename": "change_permission"}}, {"model": "auth.permission", "pk": 7, "fields": {"name": "Can delete permission", "content_type": 2, "codename": "delete_permission"}}, {"model": "auth.permission", "pk": 8, "fields": {"name": "Can view permission", "content_type": 2, "codename": "view_permission"}}, {"model": "auth.permission", "pk": 9, "fields": {"name": "Can add group", "content_type": 3, "codename": "add_group"}}, {"model": "auth.permission", "pk": 10, "fields": {"name": "Can change group", "content_type": 3, "codename": "change_group"}}, {"model": "auth.permission", "pk": 11, "fields": {"name": "Can delete group", "content_type": 3, "codename": "delete_group"}}, {"model": "auth.permission", "pk": 12, "fields": {"name": "Can view group", "content_type": 3, "codename": "view_group"}}, {"model": "auth.permission", "pk": 13, "fields": {"name": "Can add user", "content_type": 4, "codename": "add_user"}}, {"model": "auth.permission", "pk": 14, "fields": {"name": "Can change user", "content_type": 4, "codename": "change_user"}}, {"model": "auth.permission", "pk": 15, "fields": {"name": "Can delete user", "content_type": 4, "codename": "delete_user"}}, {"model": "auth.permission", "pk": 16, "fields": {"name": "Can view user", "content_type": 4, "codename": "view_user"}}, {"model": "auth.permission", "pk": 17, "fields": {"name": "Can add content type", "content_type": 5, "codename": "add_contenttype"}}, {"model": "auth.permission", "pk": 18, "fields": {"name": "Can change content type", "content_type": 5, "codename": "change_contenttype"}}, {"model": "auth.permission", "pk": 19, "fields": {"name": "Can delete content type", "content_type": 5, "codename": "delete_contenttype"}}, {"model": "auth.permission", "pk": 20, "fields": {"name": "Can view content type", "content_type": 5, "codename": "view_contenttype"}}, {"model": "auth.permission", "pk": 21, "fields": {"name": "Can add session", "content_type": 6, "codename": "add_session"}}, {"model": "auth.permission", "pk": 22, "fields": {"name": "Can change session", "content_type": 6, "codename": "change_session"}}, {"model": "auth.permission", "pk": 23, "fields": {"name": "Can delete session", "content_type": 6, "codename": "delete_session"}}, {"model": "auth.permission", "pk": 24, "fields": {"name": "Can view session", "content_type": 6, "codename": "view_session"}}, {"model": "auth.permission", "pk": 25, "fields": {"name": "Can add region", "content_type": 7, "codename": "add_region"}}, {"model": "auth.permission", "pk": 26, "fields": {"name": "Can change region", "content_type": 7, "codename": "change_region"}}, {"model": "auth.permission", "pk": 27, "fields": {"name": "Can delete region", "content_type": 7, "codename": "delete_region"}}, {"model": "auth.permission", "pk": 28, "fields": {"name": "Can view region", "content_type": 7, "codename": "view_region"}}, {"model": "auth.permission", "pk": 29, "fields": {"name": "Can add subject", "content_type": 8, "codename": "add_subject"}}, {"model": "auth.permission", "pk": 30, "fields": {"name": "Can change subject", "content_type": 8, "codename": "change_subject"}}, {"model": "auth.permission", "pk": 31, "fields": {"name": "Can delete subject", "content_type": 8, "codename": "delete_subject"}}, {"model": "auth.permission", "pk": 32, "fields": {"name": "Can view subject", "content_type": 8, "codename": "view_subject"}}, {"model": "auth.permission", "pk": 33, "fields": {"name": "Can add district", "content_type": 9, "codename": "add_district"}}, {"model": "auth.permission", "pk": 34, "fields": {"name": "Can change district", "content_type": 9, "codename": "change_district"}}, {"model": "auth.permission", "pk": 35, "fields": {"name": "Can delete district", "content_type": 9, "codename": "delete_district"}}, {"model": "auth.permission", "pk": 36, "fields": {"name": "Can view district", "content_type": 9, "codename": "view_district"}}, {"model": "auth.permission", "pk": 37, "fields": {"name": "Can add school", "content_type": 10, "codename": "add_school"}}, {"model": "auth.permission", "pk": 38, "fields": {"name": "Can change school", "content_type": 10, "codename": "change_school"}}, {"model": "auth.permission", "pk": 39, "fields": {"name": "Can delete school", "content_type": 10, "codename": "delete_school"}}, {"model": "auth.permission", "pk": 40, "fields": {"name": "Can view school", "content_type": 10, "codename": "view_school"}}, {"model": "auth.permission", "pk": 41, "fields": {"name": "Can add student teacher", "content_type": 11, "codename": "add_studentteacher"}}, {"model": "auth.permission", "pk": 42, "fields": {"name": "Can change student teacher", "content_type": 11, "codename": "change_studentteacher"}}, {"model": "auth.permission", "pk": 43, "fields": {"name": "Can delete student teacher", "content_type": 11, "codename": "delete_studentteacher"}}, {"model": "auth.permission", "pk": 44, "fields": {"name": "Can view student teacher", "content_type": 11, "codename": "view_studentteacher"}}, {"model": "auth.permission", "pk": 45, "fields": {"name": "Can add logbook entry", "content_type": 12, "codename": "add_logbookentry"}}, {"model": "auth.permission", "pk": 46, "fields": {"name": "Can change logbook entry", "content_type": 12, "codename": "change_logbookentry"}}, {"model": "auth.permission", "pk": 47, "fields": {"name": "Can delete logbook entry", "content_type": 12, "codename": "delete_logbookentry"}}, {"model": "auth.permission", "pk": 48, "fields": {"name": "Can view logbook entry", "content_type": 12, "codename": "view_logbookentry"}}, {"model": "auth.permission", "pk": 49, "fields": {"name": "Can add approval letter", "content_type": 13, "codename": "add_approvalletter"}}, {"model": "auth.permission", "pk": 50, "fields": {"name": "Can change approval letter", "content_type": 13, "codename": "change_approvalletter"}}, {"model": "auth.permission", "pk": 51, "fields": {"name": "Can delete approval letter", "content_type": 13, "codename": "delete_approvalletter"}}, {"model": "auth.permission", "pk": 52, "fields": {"name": "Can view approval letter", "content_type": 13, "codename": "view_approvalletter"}}, {"model": "auth.permission", "pk": 53, "fields": {"name": "Can add school subject capacity", "content_type": 14, "codename": "add_schoolsubjectcapacity"}}, {"model": "auth.permission", "pk": 54, "fields": {"name": "Can change school subject capacity", "content_type": 14, "codename": "change_schoolsubjectcapacity"}}, {"model": "auth.permission", "pk": 55, "fields": {"name": "Can delete school subject capacity", "content_type": 14, "codename": "delete_schoolsubjectcapacity"}}, {"model": "auth.permission", "pk": 56, "fields": {"name": "Can view school subject capacity", "content_type": 14, "codename": "view_schoolsubjectcapacity"}}, {"model": "auth.permission", "pk": 57, "fields": {"name": "Can add user", "content_type": 15, "codename": "add_customuser"}}, {"model": "auth.permission", "pk": 58, "fields": {"name": "Can change user", "content_type": 15, "codename": "change_customuser"}}, {"model": "auth.permission", "pk": 59, "fields": {"name": "Can delete user", "content_type": 15, "codename": "delete_customuser"}}, {"model": "auth.permission", "pk": 60, "fields": {"name": "Can view user", "content_type": 15, "codename": "view_customuser"}}, {"model": "contenttypes.contenttype", "pk": 1, "fields": {"app_label": "admin", "model": "logentry"}}, {"model": "contenttypes.contenttype", "pk": 2, "fields": {"app_label": "auth", "model": "permission"}}, {"model": "contenttypes.contenttype", "pk": 3, "fields": {"app_label": "auth", "model": "group"}}, {"model": "contenttypes.contenttype", "pk": 4, "fields": {"app_label": "auth", "model": "user"}}, {"model": "contenttypes.contenttype", "pk": 5, "fields": {"app_label": "contenttypes", "model": "contenttype"}}, {"model": "contenttypes.contenttype", "pk": 6, "fields": {"app_label": "sessions", "model": "session"}}, {"model": "contenttypes.contenttype", "pk": 7, "fields": {"app_label": "field_app", "model": "region"}}, {"model": "contenttypes.contenttype", "pk": 8, "fields": {"app_label": "field_app", "model": "subject"}}, {"model": "contenttypes.contenttype", "pk": 9, "fields": {"app_label": "field_app", "model": "district"}}, {"model": "contenttypes.contenttype", "pk": 10, "fields": {"app_label": "field_app", "model": "school"}}, {"model": "contenttypes.contenttype", "pk": 11, "fields": {"app_label": "field_app", "model": "studentteacher"}}, {"model": "contenttypes.contenttype", "pk": 12, "fields": {"app_label": "field_app", "model": "logbookentry"}}, {"model": "contenttypes.contenttype", "pk": 13, "fields": {"app_label": "field_app", "model": "approvalletter"}}, {"model": "contenttypes.contenttype", "pk": 14, "fields": {"app_label": "field_app", "model": "schoolsubjectcapacity"}}, {"model": "contenttypes.contenttype", "pk": 15, "fields": {"app_label": "field_app", "model": "customuser"}}, {"model": "sessions.session", "pk": "0p6pjdhpvsgzodu8zwbkmpkl90124joi", "fields": {"session_data": ".eJxVjMsOwiAQRf-FtSEMw0Ncuu83EB6DVA0kpV0Z_12bdKHbe865L-bDtla_DVr8nNmFKXb63WJID2o7yPfQbp2n3tZljnxX-EEHn3qm5_Vw_w5qGPVbSySKIIQ9R2Md6IIBSpLGBgSpNaBLqNCSEgWd00lYAJ1JRwKjFDj2_gC6LzZ8:1ufg2w:4sDPZxaPyeDXQ1_4Cr1Z3WWH2gKZj9-r5zEaNc6u8Ac", "expire_date": "2025-08-09T14:38:46.857Z"}}]